{
  "version": "ridge-v1",
  "trained_at": "2026-04-12T08:21:58.491793+00:00",
  "n_train": 59,
  "n_test": 15,
  "alpha": 1.0,
  "features": [
    "pm25",
    "co2",
    "temperature",
    "humidity"
  ],
  "mae": 10.362,
  "rmse": 11.703,
  "r2": 0.0064,
  "coefficients": {
    "pm25": -1.1916,
    "co2": -4.7305,
    "temperature": -0.6524,
    "humidity": 0.8783
  },
  "intercept": 86.2881,
  "scaler": {
    "mean": {
      "pm25": 132.496833,
      "co2": 2154.120336,
      "temperature": 29.106732,
      "humidity": 37.841789
    },
    "scale": {
      "pm25": 27.802075,
      "co2": 348.542561,
      "temperature": 3.094441,
      "humidity": 8.685138
    }
  },
  "imputer_medians": {
    "pm25": 134.383333,
    "co2": 2092.833333,
    "temperature": 29.233333,
    "humidity": 39.0
  }
}