{
  "version": "ridge-v1",
  "features": [
    "pm25",
    "co2",
    "temperature",
    "humidity"
  ],
  "coefficients": {
    "pm25": 0.4595,
    "co2": 2.2474,
    "temperature": -0.0657,
    "humidity": 3.4012
  },
  "intercept": 100.6034,
  "scaler": {
    "mean": {
      "pm25": 131.770503,
      "co2": 2157.981031,
      "temperature": 29.052021,
      "humidity": 38.14251
    },
    "scale": {
      "pm25": 27.480109,
      "co2": 350.281372,
      "temperature": 3.092581,
      "humidity": 8.449652
    }
  },
  "imputer_medians": {
    "pm25": 134.249167,
    "co2": 2104.5,
    "temperature": 28.908333,
    "humidity": 39.5
  }
}